id_cliente,razao_social,representante,cidade,estado,cnpj,tipo_cliente,e-mail,telefone,celular
22072,Garcia Camargo e Filhos,Mathias Barros,Martins,RJ,37.812.950/0001-20,PF,agathacasa-grande@example.org,81 6475-8799,(011) 3251-3895
41774,Mendonça Ltda.,Kamilly Casa Grande,Farias do Amparo,RS,73.240.169/0001-92,PJ,melohadassa@example.org,(011) 1088-6358,+55 84 5013-3819
79862,Vargas,Rodrigo Duarte,Duarte do Oeste,CE,43.190.768/0001-88,PJ,gcorreia@example.org,(021) 5888 5239,+55 61 8569-8750
81286,Novaes,Fernanda Lopes,Camargo de Monteiro,SC,46.508.721/0001-08,PJ,nfonseca@example.net,(081) 9431-2737,+55 84 2743-1003
49711,Mendonça,Srta. Gabriela Montenegro,Sampaio,MS,62.817.439/0001-69,PF,ljesus@example.org,(061) 1149 5712,+55 71 3917-0131
79519,Souza Albuquerque - EI,Henry Novais,Caldeira,GO,01.384.572/0001-84,PJ,raquel24@example.net,0900-634-5094,+55 11 7740 9748
99130,Gomes,Pedro Henrique Cunha,Garcia da Praia,AC,90.184.375/0001-41,PF,otto70@example.com,+55 51 2706 6640,(051) 5937 2462
74735,Machado,Olivia Abreu,Silva,MA,63.278.914/0001-39,PF,miguel66@example.net,+55 (084) 7946-9928,+55 84 0597-1477
90151,Silveira,Yasmin da Mata,Caldeira do Amparo,AC,47.329.806/0001-91,PF,jteixeira@example.net,+55 71 4954 5813,+55 11 7529 6622
10795,Rodrigues,Liam Vieira,Guerra do Amparo,AM,56.123.780/0001-11,PF,raquelpastor@example.net,+55 21 6023 4327,61 8560-1656
15687,Campos,Dra. Alexia Albuquerque,Aparecida do Amparo,RS,54.102.893/0001-05,PF,maria-fernandacirino@example.org,51 6847 4166,0900-669-6028
12285,Rocha,Sr. Gustavo Henrique Pacheco,Monteiro de da Paz,SC,53.019.628/0001-03,PF,fcastro@example.com,51 7332 0750,51 1775 8280
60983,Santos S.A.,Gabriela da Mata,Ribeiro,GO,76.951.340/0001-60,PJ,noah10@example.org,+55 41 7438-5262,0800 642 6850
77920,Nunes,Enrico Leão,da Costa,BA,70.496.528/0001-89,PF,vieiragabrielly@example.com,0300 290 6907,+55 21 3573 4790
19817,Alves Fogaça S/A,Clara Souza,Pacheco,RN,81.964.257/0001-65,PJ,oaparecida@example.net,+55 51 7831 5871,(081) 0894-4299
27747,Vasconcelos,Luiza Câmara,Rezende,CE,85.291.306/0001-05,PF,stephany74@example.com,41 7894 4837,+55 (084) 6151 8445
54864,Câmara da Cunha e Filhos,Cecília Cunha,Monteiro,PR,51.270.648/0001-19,PF,zleao@example.org,+55 (071) 9362 6902,+55 71 2059 1309
84600,Caldeira da Conceição Ltda.,Liam Pastor,Pimenta dos Dourados,RS,59.182.674/0001-05,PF,srocha@example.net,41 1313-5197,+55 (061) 6925 6354
28107,Novaes da Rosa S.A.,Luiz Felipe Duarte,Cunha,RR,29.386.547/0001-59,PJ,barbaradias@example.com,+55 61 1363 3713,51 4548 4787
77499,Montenegro,Laís Almeida,Costela Paulista,PI,63.520.798/0001-12,PF,clarice42@example.org,+55 81 9884 4604,11 4170-2236
92644,da Rocha,Benjamim da Mata,da Cunha do Norte,BA,12.567.943/0001-80,PJ,alvesisis@example.net,0500-795-5817,(081) 5625-3257
70665,Novaes S/A,Mariana Rezende,Lopes,RR,58.794.312/0001-02,PJ,fgarcia@example.com,+55 (011) 1749-3579,(081) 3468-4316
94926,Vieira,Amanda Lopes,Pimenta,AM,21.796.084/0001-91,PF,mendesmateus@example.net,+55 84 3078 4283,(084) 9945 5986
23879,Gonçalves,Eduarda Ribeiro,Costela do Norte,PB,86.213.459/0001-99,PJ,duarterafaela@example.org,61 7638-9547,(031) 6909-9533
60110,Albuquerque Casa Grande Ltda.,Felipe Fogaça,Mendonça do Amparo,ES,64.820.315/0001-68,PJ,luan76@example.com,+55 21 7100-5269,+55 (061) 7736-8948
51437,Ramos,Benjamin Pacheco,Carvalho do Norte,SP,03.254.179/0001-00,PF,yasminrezende@example.org,41 5622-7956,+55 (081) 8321-4488
66486,Oliveira,Vitor Gabriel Vieira,Melo,SP,78.194.026/0001-05,PJ,luccaramos@example.com,+55 51 1733 1526,21 1150-1609
89585,Alves,Mateus da Costa,Pastor Verde,RJ,21.673.498/0001-23,PJ,luana25@example.net,(021) 8439 4497,0800 024 4046
80930,Peixoto,Srta. Lívia Lopes,Rios de Garcia,PI,70.213.986/0001-63,PJ,ester65@example.net,21 9358 7603,+55 51 5557 7227
49807,Castro Ltda.,Davi Azevedo,Moraes,PE,93.016.728/0001-92,PF,ayla57@example.org,+55 84 4537-0076,(084) 8667-2535
97674,Barbosa,Maria Luiza Ramos,Casa Grande,AL,75.409.823/0001-74,PF,augusto84@example.com,21 6704-4682,61 2626 1383
90358,Siqueira Viana - ME,Henrique Nogueira,Lopes,PA,37.608.259/0001-20,PJ,allanamoura@example.org,+55 (031) 0858-4042,+55 21 2947-1172
42594,da Paz Alves Ltda.,Emanuelly Pires,Oliveira,AL,37.921.408/0001-06,PJ,joao-miguelcunha@example.net,0900-086-2168,(061) 5403-0829
39947,Camargo Martins S/A,Anna Liz Dias,Pinto,PB,26.501.894/0001-97,PJ,henrique35@example.com,(081) 0082-0728,+55 81 7530-5491
73383,Gomes,Dr. Alexandre Lima,Rios,AM,62.534.071/0001-21,PF,caleb04@example.org,+55 (061) 8271 5257,+55 11 3174-9646
19171,Martins Viana e Filhos,Paulo Almeida,da Rocha do Sul,MG,86.251.709/0001-85,PF,salesagatha@example.net,+55 41 3224-1475,0500 850 8900
64650,Araújo S.A.,Josué Pereira,Sales,SE,19.526.734/0001-37,PF,maragao@example.com,+55 51 0929 4329,(051) 3599 7843
74154,Monteiro e Filhos,Sr. Valentim Lopes,Cassiano do Galho,BA,80.349.576/0001-06,PJ,matheusmoraes@example.com,+55 61 8662 8120,(081) 9391-3730
32661,Pires,Isaac Castro,Araújo de das Neves,PR,53.162.087/0001-60,PJ,fernando98@example.org,0800 400 5521,(084) 8975 0356
82665,Caldeira,Luiz Miguel Pimenta,Barbosa,GO,73.416.528/0001-10,PF,tbarbosa@example.com,+55 (021) 7898 8212,(084) 4799 6764
77278,Duarte Lima - ME,Srta. Rebeca Machado,Aparecida Verde,PB,98.510.637/0001-22,PF,nbarbosa@example.net,+55 (031) 9292 7121,81 0332 3540
70730,Gonçalves e Filhos,Felipe Cirino,Pimenta,MS,49.276.081/0001-46,PF,oliver44@example.com,0500-237-7862,+55 11 4634-9094
62639,Garcia,Juliana Santos,das Neves,RS,94.015.376/0001-13,PJ,lcirino@example.org,(081) 8690 5571,21 9188-9379
96517,Abreu,Eloah Abreu,Cavalcante Grande,RN,39.015.824/0001-70,PF,vianaamanda@example.net,(071) 0988-4983,+55 (011) 4943 4201
86078,Jesus,Maya Brito,Cunha,AC,75.218.436/0001-50,PJ,da-conceicaogabrielly@example.org,+55 (071) 6950-2360,31 7072-3129
70912,Lima,Alícia Jesus,Carvalho das Pedras,CE,95.413.826/0001-99,PJ,barbosaluana@example.com,(081) 9985 2141,+55 (061) 9180 1083
69376,Rezende,Isadora da Cruz,da Cunha Alegre,AM,40.587.612/0001-47,PJ,das-nevesluiza@example.org,(031) 5596-6414,(084) 3390 9510
86970,Carvalho S/A,Luna Sá,Jesus Paulista,MT,58.203.697/0001-88,PF,lizsouza@example.org,(084) 3987 5660,+55 (081) 6864 1593
70724,Cardoso Ltda.,Isis Silva,Cunha,GO,13.045.796/0001-40,PF,rezendepedro@example.org,+55 71 5602-4631,31 4810 6990
11155,Abreu - EI,Alice Moraes,da Luz,DF,25.170.984/0001-80,PJ,guerravitor-hugo@example.com,+55 51 6948 2038,21 2578 7473
97870,Novais Nascimento Ltda.,Caio Rios,Pimenta de Costela,SP,40.596.781/0001-43,PF,ccirino@example.org,51 6056 9665,61 1675-3867
51116,Peixoto,Ana Aparecida,Rios,AM,89.741.035/0001-95,PJ,danilo48@example.net,84 5912 6974,+55 21 7937-8408
80933,Pacheco Aragão - EI,Davi Luiz Silva,Novais,PI,32.706.984/0001-17,PJ,vasconcelosjoaquim@example.com,+55 (031) 7126 1796,+55 (071) 8964 5487
89149,da Cruz Moura - ME,Olívia Lima,da Rocha,MG,10.843.567/0001-83,PJ,erickcassiano@example.net,+55 81 4456 9862,+55 41 4878 2356
66803,Camargo Ltda.,Renan Pinto,Almeida,BA,91.342.507/0001-89,PJ,guerravitor@example.org,+55 61 7212 1912,+55 (081) 8478-9345
38113,Câmara Andrade Ltda.,Ryan Novaes,Cirino do Campo,RO,98.213.076/0001-08,PJ,ana-juliasilveira@example.com,(041) 9192-1222,21 0224-2378
41361,Gomes - EI,Dra. Maria Laura Leão,da Mota,RS,43.278.905/0001-30,PJ,piresjulia@example.org,+55 (071) 5961 2507,+55 31 2159 9430
24520,da Paz e Filhos,Ana Sophia Borges,Teixeira das Flores,RN,38.914.756/0001-19,PF,dgoncalves@example.com,21 4106-9240,+55 (061) 5336 9037
69583,Gonçalves Ltda.,Dra. Laura Rocha,Jesus de das Neves,DF,12.086.543/0001-52,PF,hramos@example.org,0800-799-4349,(011) 7535 2999
70725,Ramos e Filhos,Mirella Albuquerque,Nascimento,PE,63.845.290/0001-94,PJ,hellenada-rocha@example.com,(041) 3771-5921,(084) 7334 2576
85750,Pimenta,Maria Laura Gomes,Barros da Serra,BA,79.684.531/0001-09,PF,srocha@example.net,(031) 6074 3580,+55 (041) 3543 5948
39594,Castro Fernandes - ME,Dr. Alexandre Porto,Caldeira da Mata,GO,04.215.639/0001-45,PF,igor19@example.net,(081) 8901 6033,21 1283 3442
37700,Pastor,Luiz Gustavo Porto,Mendonça de Nascimento,ES,46.025.198/0001-69,PF,wfernandes@example.org,+55 (084) 7941-8852,+55 (081) 1280-6598
95212,Montenegro,Isaque Monteiro,Rodrigues,AL,14.628.097/0001-96,PF,ana-livia28@example.com,+55 (081) 9381-9334,81 2719-7463
47646,Fonseca,Isabel Rezende,da Cunha,AM,90.615.287/0001-57,PJ,davi-luiz35@example.net,+55 (021) 5251-3010,(041) 7497 6931
20663,Pires Viana Ltda.,Sr. Ravi Barbosa,Barros de Goiás,TO,67.185.204/0001-15,PF,amoura@example.com,(021) 1198 3005,0500-907-7372
78061,Silva Correia - ME,Mirella da Cruz,da Paz,MA,79.248.035/0001-02,PF,rezendefernanda@example.org,+55 (041) 0085 8536,+55 (011) 0452-0155
31776,Melo,Diego Mendes,Cardoso,CE,52.739.846/0001-41,PJ,novaisraquel@example.com,+55 51 5332 2983,+55 51 7771 5525
15297,Oliveira S.A.,Srta. Aylla Siqueira,Novaes da Serra,ES,70.935.126/0001-33,PF,correiaotavio@example.org,+55 31 9516 8725,(031) 1765-7778
65244,Mendonça Silveira S/A,Isabela Gomes,Silveira,RO,91.860.753/0001-22,PF,acastro@example.net,41 7553-2265,21 3537-8465
69981,Camargo,Maria Machado,Oliveira Paulista,AP,63.924.087/0001-03,PJ,enricomacedo@example.com,+55 84 8885 7452,(071) 1696 2367
59220,da Costa - EI,Olívia da Rocha,Albuquerque do Norte,RN,35.741.892/0001-66,PF,fernandesnatalia@example.com,(051) 1234 7879,+55 84 5156 3403
19277,Sá,Benicio Castro,Mendonça do Amparo,ES,87.463.102/0001-21,PF,abreujulia@example.org,+55 81 8742-0197,(031) 2724 6526
45468,Jesus Araújo e Filhos,Isabella Freitas,Freitas do Campo,AM,39.641.278/0001-83,PF,zoe07@example.net,+55 21 8516 0547,+55 (071) 1083-1353
16037,Montenegro,Isabella Freitas,Andrade do Campo,RJ,40.162.839/0001-40,PJ,alvesenzo-gabriel@example.org,+55 11 7143-3358,+55 (061) 5658-5605
71331,Costela Vieira - EI,Milena das Neves,Novaes da Mata,MS,58.643.701/0001-29,PF,brenoalbuquerque@example.net,0900 382 6034,+55 61 2509-5617
94366,Almeida Mendonça S/A,Sra. Laura Duarte,Peixoto Alegre,AL,80.529.167/0001-83,PF,eloah74@example.org,0800 843 9648,+55 41 3421 7737
99307,Câmara,Manuela da Conceição,Correia Alegre,RR,39.520.467/0001-06,PJ,noahsa@example.org,+55 21 7244-8886,+55 21 3127-4146
71238,Fogaça,Zoe Jesus,Pastor da Praia,AP,34.729.586/0001-41,PJ,joao-guilherme81@example.net,(011) 4383-3900,+55 (084) 7596 2054
36078,Oliveira,João Pedro Peixoto,Vargas de da Cruz,DF,78.935.420/0001-57,PJ,isaque85@example.org,+55 (061) 3706-3316,+55 (051) 2995-3657
64158,Dias Ltda.,Júlia Caldeira,Barbosa,SP,23.647.819/0001-40,PJ,barbara67@example.org,(081) 6903 1007,+55 81 8847 4834
52584,Vargas,João Gomes,Teixeira de da Mata,BA,89.124.573/0001-30,PF,giovanna47@example.net,+55 (041) 3477-7426,(041) 9186-4632
98419,Fogaça,Mariane Vargas,Cassiano da Praia,MS,34.605.918/0001-86,PJ,scaldeira@example.org,+55 31 7700-3090,+55 (071) 6621-6735
64654,Oliveira e Filhos,João Lucas Jesus,Caldeira Alegre,GO,75.986.023/0001-16,PF,mcavalcante@example.org,+55 (011) 0812-4198,(084) 8108 4781
62460,Andrade,Dra. Anna Liz Almeida,Camargo do Galho,AP,67.230.954/0001-61,PJ,rabreu@example.org,(051) 3638-8934,+55 (021) 0697 0910
53401,Camargo,Juan Moraes,Silveira Grande,GO,63.107.948/0001-60,PF,maria-lizmartins@example.net,0900-593-2097,+55 11 8968 1195
90773,Duarte,Maria Eduarda Mendonça,Aragão,PI,61.843.502/0001-79,PJ,luccabrito@example.net,84 0689-3762,51 0428 5054
83024,Almeida,Ana Liz Andrade,Sá,RN,17.054.836/0001-71,PJ,noah86@example.org,+55 21 8872-9290,(041) 3354 3858
55240,Vargas,Joana Casa Grande,Vieira,CE,15.207.348/0001-21,PJ,da-motaluigi@example.com,(071) 7719 1410,+55 (051) 0004-7993
75637,Sousa das Neves - EI,Srta. Sara Pastor,da Luz da Serra,SP,21.845.063/0001-19,PJ,maria-alice12@example.com,84 1075-9438,31 5026 1722
82369,Novaes Costela - ME,Sr. Benício Lopes,Correia de Martins,CE,10.627.953/0001-38,PF,beniciosa@example.com,+55 (081) 8932 8689,71 6829 1809
91531,Pimenta - EI,Yuri Carvalho,Azevedo de Pereira,PE,16.785.249/0001-90,PJ,gaparecida@example.org,84 6134-0415,+55 (081) 0695 6144
70627,da Rosa Macedo - ME,Sofia Carvalho,Moraes,MG,63.450.829/0001-06,PJ,vasconcelosluiz-felipe@example.org,+55 61 4758-2884,+55 (071) 4542 8167
61277,Ferreira,Dr. Pedro Lucas da Cunha,da Conceição de Goiás,PB,34.586.172/0001-00,PF,valentina09@example.com,(021) 4923-1081,+55 71 6645 7090
42632,Porto,João Felipe Moura,Dias Grande,AC,18.937.645/0001-10,PF,agatha99@example.net,41 7372-6051,0900-305-1664
22189,Cassiano,Zoe Mendonça,Cassiano,MS,21.753.809/0001-64,PF,jfreitas@example.com,11 8900-2534,0800 654 2371
77872,Ramos S.A.,Ana Liz Pereira,Fernandes Verde,AP,85.167.492/0001-67,PJ,lorenzo24@example.com,81 2453 0853,(071) 9740 9138
72348,Santos Mendonça Ltda.,Danilo Barros,Rocha,AL,91.076.238/0001-56,PF,ninada-rosa@example.net,(041) 4738-8052,(081) 1029 2360
72816,Campos e Filhos,Alexia Sousa,Mendes da Mata,RR,46.235.897/0001-33,PF,iaraujo@example.com,+55 51 0112 7218,+55 (041) 8537 0522
15924,Sá,Laís Rezende,Barbosa das Pedras,PA,64.158.720/0001-62,PF,luanamontenegro@example.net,(021) 4369 8183,(071) 4090-7337
52761,Correia,Lorenzo Albuquerque,Correia da Serra,PR,52.834.709/0001-96,PF,acamargo@example.com,+55 (021) 7902 5488,+55 71 2734 6351
61726,Moura,Bernardo da Luz,Fernandes do Campo,SP,16.745.893/0001-34,PJ,maria-fernanda33@example.com,+55 (041) 9993-6293,+55 (031) 6547-4077
76030,Pacheco,Arthur Miguel Garcia,Campos,DF,20.471.865/0001-43,PF,scavalcante@example.net,+55 21 1069-3915,84 1264-9452
49857,Santos,Maria Laura Casa Grande,Ferreira,CE,42.598.071/0001-88,PJ,riosjoaquim@example.com,(011) 4575 1638,0900-337-5086
52975,Cunha Nascimento - EI,José Miguel Silveira,Brito do Campo,MT,38.659.710/0001-09,PF,melissacasa-grande@example.net,81 2769-4873,+55 (081) 0630 6794
88254,Almeida,Anna Liz Santos,Aragão do Galho,TO,60.835.149/0001-12,PF,ksales@example.org,(031) 9025 2465,41 0746 3710
48715,Borges,Dante Lima,Nascimento,MA,36.728.491/0001-39,PJ,pda-rosa@example.org,11 1821 0285,11 4200-5122
12776,Câmara Costa - EI,Isabela Aparecida,Barros das Flores,MA,69.304.572/0001-60,PJ,eloah46@example.net,0500-560-6328,(051) 2280-1196
33076,Casa Grande,Brenda Vargas,da Rosa,MS,36.024.918/0001-18,PJ,tleao@example.org,71 1159-8893,+55 51 3005 1911
31073,Borges,Arthur Guerra,da Luz do Sul,ES,10.397.862/0001-53,PJ,cunhaester@example.com,+55 41 3951-8219,(084) 6119 0292
27500,Alves,Vitor da Costa,Novaes Paulista,MS,83.715.024/0001-54,PF,silveirazoe@example.org,81 2176 5390,+55 (041) 0995-3011
57021,da Cruz - EI,Luiz Otávio Campos,Sales do Amparo,CE,76.298.341/0001-57,PF,borgeserick@example.com,0300 458 1879,+55 81 2249 0258
36245,Mendonça,Sra. Evelyn Costela,Abreu Paulista,TO,53.804.962/0001-60,PJ,nataliaalmeida@example.com,(011) 7164-5196,(011) 9710-6282
73681,Borges S/A,Srta. Ester Vieira,Vasconcelos de Goiás,RS,63.805.924/0001-85,PF,qmoreira@example.net,+55 71 9275-4874,+55 (071) 3921-6128
41085,Barros,Bruna Silva,Azevedo,RO,43.891.027/0001-24,PJ,hfernandes@example.com,51 3606 6852,+55 21 0878-4511
84676,Alves,Sra. Natália Gonçalves,Gomes do Galho,AM,83.546.207/0001-93,PJ,ana-vitoria17@example.net,+55 (031) 8244-0602,+55 84 5934 8285
98919,Souza S/A,Theodoro Carvalho,Cavalcanti,ES,48.213.605/0001-97,PF,benjamimpinto@example.net,0800-846-5317,41 6231-5156
36620,Correia S.A.,Vinicius Martins,da Paz Grande,TO,19.837.205/0001-54,PJ,agatha39@example.com,+55 71 4045-7548,81 1413-2962
82068,Brito Rodrigues - EI,Jade Caldeira,Câmara Paulista,MG,79.548.320/0001-30,PJ,rezenderafael@example.org,+55 (021) 3682 4421,84 4224-6339
29537,Rezende,Maria Martins,Martins,BA,16.529.740/0001-50,PJ,novaisana-livia@example.org,+55 71 2559 1714,+55 (011) 9107-8762
79152,Carvalho,Mariana Casa Grande,Siqueira de Mendes,TO,62.573.149/0001-17,PJ,albuquerqueana-cecilia@example.com,11 2172 4748,11 8066 5954
10869,Sales Melo - EI,Evelyn Mendonça,Ferreira,MS,43.971.260/0001-17,PJ,levi72@example.org,11 5132 6524,+55 71 8974 1642
46484,Costela das Neves Ltda.,Vinicius Moreira,das Neves Verde,PA,51.970.846/0001-95,PJ,isales@example.org,(021) 5706-0473,71 0953 2647
65340,Rezende S/A,Ísis Costa,Mendonça,BA,18.347.652/0001-62,PJ,lara04@example.org,(061) 6402 6898,(031) 2938 0017
68917,Campos,Maria Helena Araújo,Ferreira Paulista,DF,08.469.153/0001-94,PF,auroranogueira@example.com,41 1520-6164,+55 (041) 7321 8473
22935,da Costa,Brenda Pastor,Brito,PE,78.410.392/0001-54,PJ,daniel99@example.com,11 8985-7296,31 4128-5651
60571,Novaes Melo S.A.,Dr. Mateus Viana,Rios de Siqueira,RJ,39.524.801/0001-91,PF,asafecosta@example.com,+55 31 1963 3737,84 3067 5938
59552,Barros Santos S/A,Gabriel Cardoso,Nogueira do Amparo,SP,23.746.918/0001-80,PF,zduarte@example.net,+55 31 8098-5807,+55 61 8032 0715
98326,Cirino Araújo - ME,Eduardo Pereira,Rezende,MT,42.103.968/0001-93,PJ,evelynnascimento@example.com,+55 (084) 4899-8847,21 5170 7560
28402,Cassiano Cirino - EI,Ana Cecília Viana,Vargas,DF,05.189.742/0001-20,PF,bianca23@example.org,51 8703 3231,11 7565 8649
85762,Nogueira,Valentina Gomes,Câmara de Caldeira,PR,91.753.248/0001-89,PJ,juanabreu@example.net,(031) 6861-5137,21 6435-3166
89086,Leão,Nicole Novais,das Neves,RS,52.980.461/0001-71,PJ,cassianoluiz-henrique@example.net,+55 (084) 7057-4048,(021) 8374-4671
39992,Cavalcante Vargas S/A,Alícia Moreira,Jesus do Galho,PA,43.678.910/0001-30,PF,breno21@example.com,51 1897 8098,81 8004-0585
34304,Carvalho e Filhos,Marcos Vinicius Aparecida,Pastor,MS,12.538.407/0001-56,PF,melissaaragao@example.org,+55 (041) 2860 0208,(021) 1203-7068
80011,Aragão,João Felipe Fogaça,da Cruz,RJ,52.830.176/0001-74,PJ,luiz-miguelmarques@example.com,0900-940-2397,+55 51 7075 3879
38050,Sá,Hadassa das Neves,da Mota,MG,56.397.420/0001-08,PJ,nunescamila@example.com,+55 71 9340 6328,(061) 3110 7680
59230,Melo,Luara Viana,Novais,SC,79.456.230/0001-10,PJ,matheusleao@example.com,(071) 0036-9314,(061) 0662 1377
40694,Pires - EI,Dr. Antony Martins,Sousa,MG,02.578.169/0001-59,PF,ravi-luccapires@example.net,(021) 8581 7184,+55 31 9766-9808
23674,Câmara Porto e Filhos,Dr. Liam Pastor,Cavalcanti de Minas,RO,34.681.270/0001-27,PF,camila61@example.com,+55 81 9338 7073,+55 (081) 0591-5884
89971,Novais,Agatha Borges,Silveira de Teixeira,RS,41.382.709/0001-86,PJ,da-rosadiogo@example.org,(081) 6325 0317,41 4314 0214
15413,da Luz Cavalcante Ltda.,Clarice Monteiro,Pastor,AP,46.085.371/0001-14,PF,sajoao-vitor@example.org,+55 (084) 5541-5557,+55 21 5358 8839
80483,Silveira Pires - EI,Ana Beatriz Moreira,Cunha do Galho,PA,42.561.793/0001-68,PJ,mariapastor@example.com,11 2694 5694,(061) 9595 2013
86707,Campos,Luan Rezende,Casa Grande,BA,34.516.280/0001-07,PF,qbarbosa@example.org,41 9120 2895,21 9305 5680
84216,Pereira,Stephany Peixoto,Santos do Sul,RS,57.820.439/0001-88,PJ,larissaabreu@example.com,(061) 6094-7269,84 8852 9673
53716,Câmara Duarte S.A.,Ana Cecília Garcia,Ribeiro de Cassiano,RN,28.950.346/0001-70,PJ,ana-juliamonteiro@example.net,21 4214-8561,+55 (021) 4779-6152
56323,Rezende e Filhos,Laís Freitas,Machado de da Conceição,GO,63.018.975/0001-67,PF,carolina44@example.org,61 2806 8428,81 7379-5219
84790,Machado,Juan Cavalcanti,Brito,MS,32.576.810/0001-87,PJ,daniloferreira@example.org,+55 41 0839-5542,(031) 2480-5679
11894,Carvalho Guerra S/A,Davi Guerra,Vasconcelos da Serra,MA,79.260.584/0001-94,PJ,davi-luiz26@example.net,+55 71 7686 2087,41 6114-1818
65527,Correia Ltda.,Manuela Camargo,da Cunha,BA,79.168.345/0001-09,PJ,joao-felipe10@example.com,+55 (051) 2028-0046,31 9317-8306
87740,da Cunha,Maria Julia Jesus,Andrade,PR,38.962.475/0001-31,PJ,da-motaalice@example.net,+55 41 8365 6430,0300-259-9874
60293,Alves,Cauã Casa Grande,da Mota Verde,SP,32.759.140/0001-34,PF,juliamachado@example.com,31 4849-5375,+55 (084) 1418 2990
37803,Silveira Guerra - ME,Raquel Leão,Montenegro de Fernandes,PA,49.032.587/0001-00,PJ,maria-helenaleao@example.com,0500 885 1884,+55 84 7076-6133
87209,Casa Grande,Breno Martins,Rios,PA,62.037.158/0001-93,PJ,carolinamoreira@example.net,(031) 9070 9567,+55 71 4835-4065
32458,Costa,Dra. Amanda Andrade,Jesus do Oeste,SE,29.105.638/0001-79,PJ,britoanthony@example.org,+55 41 2333 5628,(071) 2723-9368
64621,da Cunha,Vitor Rezende,Jesus da Serra,BA,76.052.914/0001-68,PJ,joao-lucasdias@example.org,+55 11 1562 7690,(021) 9331 0912
60231,Duarte - EI,Bernardo Câmara,Sales,BA,39.648.527/0001-62,PJ,marcelaramos@example.org,+55 (021) 2674 8333,+55 21 6063 3531
20720,Melo,Alexia Barbosa,Montenegro de Goiás,MS,16.783.492/0001-79,PJ,caio12@example.org,(051) 5099-9113,+55 (011) 9198-8588
70339,Cunha Garcia - EI,Alexandre Mendes,Sales de Minas,RN,27.804.936/0001-21,PJ,maya82@example.org,11 1846-3553,81 8142-9412
84798,Fernandes Ltda.,Dra. Rafaela Novaes,Dias,RS,03.789.214/0001-87,PF,lunna42@example.org,(081) 3159 1549,71 5911 2937
16837,Araújo,Helena da Costa,Sampaio,DF,10.764.398/0001-96,PF,zpereira@example.com,+55 11 3378-9180,+55 (061) 9615 1317
52889,Aparecida Ramos Ltda.,Nina Leão,Melo,DF,39.185.067/0001-83,PJ,goncalvesnatalia@example.org,(081) 9508 0154,+55 61 8530 3128
46647,Santos,Nicolas Barros,Marques Verde,MA,12.068.534/0001-39,PJ,biancabarbosa@example.com,+55 (081) 4805 5933,+55 (021) 0858-5557
82198,da Mata Cunha - EI,Lorena Abreu,Albuquerque,SE,87.213.095/0001-00,PJ,salesanthony-gabriel@example.org,(061) 4285 0279,0300 223 7664
75730,Castro,Maria Cecília Pinto,Viana da Praia,MA,62.593.841/0001-07,PF,da-costaluiz-fernando@example.net,(041) 5717 6303,+55 51 6061 1802
82172,Almeida - ME,Isaque da Cruz,Cassiano Verde,PI,05.346.271/0001-17,PF,isabela21@example.net,+55 (051) 9504-3650,+55 71 3791 7700
62184,Aparecida - EI,Davi Duarte,Silveira do Oeste,AM,06.185.392/0001-97,PF,heloisalima@example.org,51 0770 6910,(031) 3318 0303
54771,Vieira,Aylla Nascimento,Câmara do Oeste,PA,98.135.240/0001-06,PJ,ayllanogueira@example.com,(081) 6182-3413,+55 31 5866-1868
88365,Novais,Oliver Garcia,Vasconcelos de Goiás,RJ,29.835.416/0001-01,PF,diegosa@example.net,+55 71 5973 4096,84 1752 3236
50155,Novais,Maria Liz Viana,Pereira,AC,16.309.725/0001-04,PF,juliaramos@example.net,81 0238 9275,21 0542-3092
38121,Aragão,Samuel Moura,Cavalcante,CE,58.023.197/0001-64,PJ,sophiamonteiro@example.net,+55 (041) 6147 4723,+55 (021) 4045-9579
13711,Silva,Stephany Albuquerque,Castro da Serra,MG,26.813.907/0001-63,PJ,luiz-otavio95@example.com,(071) 2125-3564,+55 11 7427-7111
87687,Rezende,Francisco Machado,Rocha da Praia,DF,49.801.237/0001-60,PF,otavioporto@example.com,11 0172 2495,(031) 9710-2934
81134,Melo Andrade S/A,Davi Macedo,Ribeiro,RJ,08.275.341/0001-81,PJ,sampaioluna@example.com,+55 41 8310 8340,+55 (061) 5670-2612
85987,Melo Santos Ltda.,Bento Ramos,Moura,AP,70.945.632/0001-03,PJ,antonellada-cruz@example.org,71 9988-4407,+55 (041) 0495-7028
54875,Vargas,Pietro Macedo,da Costa da Praia,RS,07.621.435/0001-00,PJ,jesuscalebe@example.net,+55 51 4051 8916,(061) 5886-2101
80002,Moreira,Vicente Cassiano,da Mata Alegre,DF,95.208.467/0001-38,PF,bsousa@example.net,+55 41 2082-8025,+55 (051) 4250-8613
74934,Pacheco S.A.,Ana Laura Farias,Albuquerque,RJ,15.062.379/0001-31,PF,maria-luiza49@example.net,+55 (061) 2192-3435,+55 31 2783-6385
54676,Barbosa Porto - ME,Maria Helena Mendes,Mendonça de Martins,TO,01.398.752/0001-15,PJ,nmachado@example.com,0300 076 1499,0300-968-4232
83087,Pires Barbosa e Filhos,Jade Câmara,Borges de Borges,CE,09.425.631/0001-27,PF,luigi24@example.com,+55 71 8883-3043,(084) 4451-9538
35866,Novais,Srta. Luísa Freitas,Melo,RR,19.874.260/0001-14,PJ,wmoreira@example.com,+55 (021) 2064-3342,41 8123 6370
34216,Sá,Stephany Câmara,Machado,TO,01.836.592/0001-49,PF,lais69@example.com,(021) 6715-4512,84 0112 4000
22397,Garcia S/A,Hellena Cardoso,da Mota do Sul,GO,63.291.504/0001-28,PF,yancassiano@example.com,0900-503-0479,+55 (041) 6274-9441
98856,Fonseca,Maria Julia Castro,Barbosa,MG,73.962.451/0001-83,PJ,alexandre76@example.org,+55 11 3073-1141,+55 61 9248-0239
11442,Moreira Sá S.A.,Hadassa Correia,Azevedo,PB,38.240.956/0001-33,PJ,camilapastor@example.org,0800-654-5976,+55 41 1431-0973
88198,Monteiro,Luiz Otávio Rodrigues,Cunha,PE,90.467.812/0001-34,PJ,mariahribeiro@example.com,+55 (031) 3211-8297,+55 71 8465-6213
63267,Novaes,Enzo Gabriel Vasconcelos,Nunes de Caldeira,RR,36.054.182/0001-20,PJ,lazevedo@example.com,+55 (081) 4579-1946,(041) 5447-7365
79523,Pereira,Sra. Ayla Guerra,Cavalcanti Grande,TO,09.325.168/0001-41,PF,ncamara@example.net,(051) 9462 8262,81 0612-8472
89070,Moraes,Dra. Isabel Freitas,Fernandes da Serra,PI,82.564.713/0001-42,PJ,fda-paz@example.net,+55 (084) 2284 2777,(081) 8792-3733
16020,Pimenta,Gabriel Souza,Melo,PA,48.573.210/0001-03,PF,costanicolas@example.net,(011) 6601 3976,+55 (011) 0961 4988
78872,Cirino e Filhos,Dr. Levi da Rosa,Carvalho de da Cunha,AL,16.295.803/0001-50,PF,gael-henrique98@example.org,0500 590 0038,+55 (031) 3479 5588
87827,Montenegro,Pietra Cirino,da Cruz do Sul,ES,27.109.463/0001-42,PJ,costelaana-carolina@example.net,0800-993-4962,(021) 3154 7196
67097,Marques,Lívia Martins,da Mata,AP,82.174.903/0001-53,PJ,augustoda-rosa@example.com,0500-438-5097,+55 21 6308-6226
90429,Martins - ME,Dra. Maya Lima,Fonseca,SC,64.981.320/0001-52,PJ,thiago40@example.org,(031) 7367-0222,(051) 2093-7263
45474,Andrade,Luísa da Luz,Camargo,PE,06.297.348/0001-79,PJ,brayanoliveira@example.com,+55 61 1793 6822,+55 (041) 1326-0576
35470,Barros Ramos e Filhos,Dr. Anthony Sá,Castro de Rios,SC,94.017.235/0001-30,PF,manuella37@example.org,0300-921-3872,21 2410-1529
66665,da Cruz - ME,João da Conceição,Costela,GO,31.690.254/0001-02,PF,alexandre28@example.net,(011) 1927 4980,21 9642 6957
35751,Rodrigues Sales S.A.,Emanuelly da Costa,da Rocha de Abreu,RO,04.732.691/0001-79,PF,marquessophie@example.net,0800 583 7002,(031) 7401-2582
80467,Casa Grande da Luz e Filhos,Alexandre Vasconcelos,Mendonça,GO,16.730.824/0001-57,PF,apollo06@example.net,0900-882-3948,+55 (021) 8392 7545
98007,Santos,Luiz Felipe da Rocha,Pacheco do Galho,TO,53.810.276/0001-00,PF,barbosakevin@example.net,(081) 2642 9368,0300 203 6709
54755,Abreu,Stephany da Costa,da Cruz do Amparo,PE,29.310.847/0001-54,PJ,diogo53@example.com,0500-370-2532,0800-922-9250
58940,Siqueira,Sra. Pietra Moura,Novaes de Fernandes,CE,71.496.258/0001-79,PJ,das-nevescaua@example.org,(011) 0833-4600,(011) 5974-6139
41447,Correia S.A.,Dra. Zoe Peixoto,Cirino da Prata,CE,71.456.038/0001-11,PF,joao-vitorda-conceicao@example.com,0300-170-8521,0500 848 6111
25589,Abreu,Leandro Novais,Gomes de Machado,SP,29.065.317/0001-98,PF,oborges@example.net,71 1436-7801,84 6869-8592
27816,Gonçalves da Cunha e Filhos,Jade Montenegro,da Luz,MG,41.620.983/0001-46,PF,catarina31@example.org,(061) 8835-0533,(081) 2052 7218
44860,Viana,Ana Beatriz Brito,Porto da Prata,PE,73.648.519/0001-54,PJ,helenamoraes@example.com,31 8183-5343,+55 11 3421 3084
17864,Pastor S.A.,Mariah da Conceição,Leão,GO,65.248.103/0001-10,PJ,eduardo48@example.net,(021) 0985-9653,61 4355-0368
80095,Vasconcelos Jesus - ME,Manuela Nogueira,Almeida,RJ,90.435.126/0001-81,PF,diogoalbuquerque@example.org,61 4144 0248,84 4296-5419
24446,Moreira Macedo - ME,Raquel Lopes,Viana Paulista,RS,37.548.169/0001-90,PJ,antonella27@example.com,(081) 7888-6749,(051) 1465 8584
26386,Farias Freitas S/A,Sr. André da Luz,Albuquerque Alegre,AP,69.537.210/0001-10,PJ,kleao@example.org,41 2024 6015,+55 21 3166-9682
19105,Silveira,Alana da Cunha,Siqueira de Correia,RR,13.528.409/0001-27,PF,liamda-conceicao@example.com,+55 (071) 0259-3483,+55 71 7684-4411
66146,Vasconcelos,Sr. Nicolas Rios,da Rosa Paulista,ES,35.127.806/0001-20,PJ,maria-laura61@example.com,(031) 8331 0629,0300-461-9318
33976,das Neves - ME,Júlia Guerra,da Rocha de Goiás,PR,54.628.910/0001-42,PJ,mendoncapietra@example.net,+55 51 4722 5328,(084) 2372 8380
82709,Cunha,Davi Camargo,Fonseca,AL,15.960.247/0001-27,PF,wcosta@example.net,(081) 4253 8327,+55 (011) 1234-5415
65651,Marques,Hellena Pinto,Cassiano,ES,45.071.829/0001-13,PF,saleshenrique@example.org,+55 (051) 3832-5882,+55 21 0524-7492
96003,Sá,Maria Liz Sales,Pires de Silva,MA,08.567.193/0001-79,PJ,ferreirayasmin@example.org,+55 71 2335 5973,41 0444-5924
35307,Oliveira,Eloah Nogueira,Brito,SP,52.634.017/0001-02,PJ,mouramaria-flor@example.net,51 5694 2246,(081) 1585-3353
94515,Caldeira,Henry Montenegro,Martins,CE,05.718.964/0001-93,PJ,moreirabreno@example.net,(081) 9193 7485,41 3500-9967
68730,da Paz Fogaça - ME,Sr. Liam Fernandes,Peixoto,MG,04.136.782/0001-41,PF,sofia18@example.org,0800-619-9773,0800 828 3790
14346,Marques,Erick Vieira,Pastor,PI,83.029.147/0001-31,PJ,zramos@example.org,+55 41 0058-4587,+55 81 8308 2045
36830,da Rosa,Isaac Cardoso,Dias,RJ,30.642.718/0001-42,PF,jcunha@example.net,(084) 0898 3601,+55 (011) 7205-3651
70193,Cunha Costela S/A,Arthur Miguel Mendonça,Sampaio,AC,73.241.890/0001-05,PJ,carolinasilva@example.org,+55 (081) 3886 7839,+55 84 1597-5087
76756,Ribeiro Melo - ME,Igor da Conceição,Sampaio,TO,13.754.628/0001-24,PF,liznovais@example.com,+55 71 8513-4935,0300 139 8029
66709,Martins,Luigi Brito,Marques,ES,03.627.158/0001-84,PF,fsousa@example.org,51 0382 3853,(081) 1142-5216
45487,Mendes,Pedro Cavalcante,Cavalcanti,RR,96.357.102/0001-38,PJ,nunesbreno@example.net,+55 (084) 8804-2891,+55 (071) 2219 6148
75157,Almeida S/A,Isabela Monteiro,da Costa de Nogueira,ES,25.149.860/0001-12,PF,jadelima@example.org,+55 (031) 1158 0082,81 2079-6960
45869,Dias S.A.,Levi Teixeira,Nascimento,MA,98.170.542/0001-07,PJ,emillyda-mota@example.org,+55 41 1713 6399,+55 71 6510 3293
28474,Nascimento,Aylla Camargo,Cunha,RR,93.127.508/0001-36,PF,guerrarael@example.com,(061) 6968-2287,+55 (071) 7233 1100
77272,Moraes S/A,Luna Rezende,Viana do Oeste,AP,57.926.318/0001-15,PF,beatrizfreitas@example.net,+55 (011) 2886 4267,+55 21 6240-3081
98037,da Costa e Filhos,José Miguel Rezende,Pires dos Dourados,PB,26.980.174/0001-51,PF,salesyago@example.net,+55 (051) 2336-9713,+55 (061) 4551-2096
48886,Vasconcelos da Costa Ltda.,Miguel Fernandes,Cavalcante,PA,61.047.835/0001-91,PF,valentimsiqueira@example.com,0500-914-2184,+55 41 7913 6819
96745,Montenegro - EI,Thiago Costa,Costela Paulista,RO,84.670.125/0001-19,PJ,fernandesmatheus@example.net,11 3358-3896,0500 237 3954
44837,Guerra - EI,Sra. Maria Alice Pastor,Martins,MS,30.459.762/0001-11,PF,ravyda-luz@example.org,+55 41 0765 7261,+55 31 6118 2219
57347,Vieira,Sabrina Campos,Mendes dos Dourados,BA,59.284.063/0001-60,PJ,saana-beatriz@example.com,+55 51 0550 3763,0500 890 4710
45763,Vargas Ltda.,Arthur Siqueira,Cassiano,PB,69.780.432/0001-69,PJ,asilveira@example.org,21 1151 1856,(081) 4426-6012
88132,da Rosa,Dr. Leonardo Brito,Jesus do Amparo,PA,83.205.417/0001-18,PF,anthony-gabrielda-conceicao@example.com,(071) 6485 7541,(051) 4975 6251
22145,Cavalcanti da Rocha - EI,Rebeca Abreu,Viana das Pedras,AC,36.782.914/0001-07,PJ,cavalcantiluiz-miguel@example.org,(084) 0997-6335,(021) 6871-7526
27077,Castro,Lavínia Lima,Cardoso de da Luz,PB,42.301.978/0001-33,PJ,melohenrique@example.com,81 4309 8972,(084) 8809-4958
96133,Lopes Cirino S.A.,Dom Cardoso,Monteiro,PB,79.081.465/0001-74,PJ,nicolas18@example.com,51 8893 1498,0900 251 0646
53398,Gomes,Paulo Martins,da Conceição de Minas,SP,24.713.698/0001-50,PF,laura53@example.com,0300 657 1304,(071) 3937-6179
55341,Cavalcante Mendes Ltda.,Dr. Yan Moura,Farias de da Mata,SC,29.705.841/0001-86,PF,isabellydias@example.com,+55 21 5996 3312,11 8883-0251
91945,Rezende,Davi Luiz Fernandes,Sá,MS,20.754.869/0001-39,PF,ylima@example.com,(084) 6241 3401,+55 (011) 2991 3711
86489,Ferreira,Davi Lucca Pastor,Cassiano,DF,34.592.178/0001-90,PF,cecilia75@example.com,+55 31 7687 6317,(051) 0115 1124
38944,Dias S.A.,Igor Cunha,Aragão,AP,57.692.403/0001-66,PF,yuri22@example.org,(071) 7567-1365,(071) 6480-4511
33932,Monteiro S.A.,Dra. Alice Cirino,Sá do Sul,RR,71.238.504/0001-92,PJ,otavioda-costa@example.org,(051) 5447 5334,(071) 9114-1626
75020,Fernandes S.A.,Alice Novaes,Rocha de da Conceição,PE,30.981.546/0001-31,PJ,benjaminfernandes@example.org,81 2639-9270,+55 (071) 3310-2746
50711,Jesus S.A.,Danilo Souza,Viana da Mata,PB,07.598.312/0001-98,PF,ymarques@example.net,11 8053 6344,0800 851 2980
22161,Vieira e Filhos,Lucas Camargo,Rocha,SC,81.273.690/0001-54,PJ,guerraanna-liz@example.com,+55 (081) 3480 7457,11 1297 4330
89700,Moreira - EI,Pedro Miguel Leão,Martins da Mata,GO,14.203.968/0001-20,PF,liz11@example.org,+55 (021) 2609-5707,+55 31 8057-2052
50698,Casa Grande,Mateus Santos,Vargas,PB,67.031.589/0001-66,PJ,ana-liviaramos@example.org,+55 11 9727 0099,+55 61 6739 0505
50008,da Rosa Albuquerque - ME,Maria Júlia Almeida,Santos,AP,50.617.392/0001-00,PF,ksampaio@example.net,+55 (071) 1310 8224,0300 750 7804
19950,da Cunha,Maria Luiza Souza,Dias da Prata,PA,09.516.847/0001-06,PJ,lara34@example.com,+55 (081) 7202-1576,+55 (021) 8795-3855
54172,Silva S/A,Antony Jesus,Azevedo,RR,65.197.340/0001-08,PF,yuri55@example.com,71 4234 3551,0800-553-9241
64024,Pastor Souza S.A.,Dom da Rosa,Cassiano,MG,95.243.807/0001-61,PF,vitor-hugoda-cruz@example.net,+55 (021) 0560-3946,+55 (011) 6437-2358
71982,Vasconcelos S.A.,Dr. Felipe Teixeira,Rezende de Marques,GO,57.034.168/0001-35,PJ,aandrade@example.com,0300-534-3186,(071) 0485 7093
34302,Brito - ME,Pietro Porto,Mendonça do Campo,AC,84.216.597/0001-04,PF,almeidavalentina@example.org,0800 170 8501,+55 41 1949 9959
23749,Souza,Erick Pereira,Novaes,AC,27.386.045/0001-00,PF,csantos@example.net,(041) 8130-5268,(051) 9161 3743
20642,Araújo,Letícia Rezende,Freitas do Galho,AC,03.295.817/0001-22,PF,ester35@example.net,+55 61 0566 4017,+55 84 1037 6805
14790,Monteiro,Ian Novaes,Gomes,RN,09.761.538/0001-93,PJ,leaokaique@example.net,+55 (061) 1569-0287,84 8378-7126
48546,Cavalcanti,Miguel Cavalcanti,Brito de Câmara,AL,20.389.457/0001-47,PJ,marcos-vinicius61@example.org,+55 (031) 9364-1713,+55 (031) 0815-4464
82894,Fonseca Ltda.,Lavínia Nogueira,Abreu,MS,41.582.036/0001-08,PJ,casa-grandemariah@example.com,(084) 7529 5616,0900 322 0820
93445,Pacheco,Sophie Alves,Marques,AL,86.730.915/0001-78,PJ,rezendeluiza@example.com,11 5445-1587,0500 396 9599
70730,Moreira S.A.,Luiz Henrique Ferreira,Martins,RJ,05.918.634/0001-41,PF,bentoborges@example.net,(041) 2613-8795,(051) 8031-5021
97355,Carvalho S/A,João Guilherme Monteiro,Guerra de Minas,AM,05.821.746/0001-80,PF,julianarodrigues@example.org,84 8290 3840,+55 61 3840 4036
15385,Machado Leão Ltda.,Júlia Fonseca,Silveira,DF,82.346.190/0001-68,PF,isabellypereira@example.net,84 5910 8422,51 6250 6054
17205,da Rocha,Olivia Pinto,Fernandes,AP,37.162.945/0001-10,PF,antonio29@example.com,+55 (021) 7182 7758,+55 (021) 8298 6886
95683,Guerra,Maria Vitória Aragão,Cunha,RS,58.620.391/0001-27,PJ,vitoria95@example.com,+55 51 5939 1621,+55 84 4088 1463
22476,Pinto S/A,Eloah Silva,Vieira,PE,15.927.843/0001-05,PF,pastorana-beatriz@example.net,31 1449 3452,+55 (061) 0370-2785
26081,Barros,Bryan Alves,Freitas,PI,95.376.821/0001-33,PF,igormontenegro@example.net,0500-977-9065,11 6184 1329
58054,da Luz,Dra. Rafaela Leão,Costela,PE,14.973.526/0001-62,PF,lcostela@example.net,+55 51 1429 3130,(061) 9786 2214
12534,Pimenta e Filhos,Alana Silveira,Costela do Norte,AM,92.753.048/0001-99,PJ,da-rochaclara@example.com,+55 (031) 3128-5418,(071) 0203-5211
44374,Teixeira,Marcelo da Cruz,Duarte,PR,92.613.407/0001-02,PF,calebdas-neves@example.net,61 2799-4917,+55 (031) 8918 6953
72492,Souza S/A,Lucca da Rosa,Leão,AL,43.615.290/0001-90,PJ,silvacecilia@example.com,(084) 0501-9308,31 3303-6146
28634,Nogueira,Melina Correia,Campos de Gonçalves,SP,70.429.653/0001-76,PF,gabrielviana@example.net,+55 (011) 8034 7211,(031) 6431-4939
37695,da Luz,Sra. Maria Luiza Cunha,Moura de Ferreira,SP,64.278.190/0001-96,PJ,nmontenegro@example.org,+55 81 1130 2367,(051) 2703 8567
91562,Novais S.A.,Beatriz Rocha,Vasconcelos,SP,94.376.502/0001-65,PF,babreu@example.com,(021) 1103-7410,(011) 8291-5336
30735,Moura,Fernanda Freitas,Pires,AP,38.160.795/0001-78,PJ,livia20@example.org,+55 (081) 3029-3586,81 9702 9228
35321,Cassiano da Cruz S.A.,Maria Lima,Fogaça,SC,30.475.129/0001-17,PJ,gomesayla@example.org,+55 41 1531 8700,81 7313-3901
15188,Viana,Hellena Fonseca,da Conceição,MA,18.902.356/0001-86,PF,fonsecapedro-miguel@example.org,+55 61 0728-2844,(084) 8815-1277
26707,Nogueira,Dra. Cecilia Correia,Alves do Galho,GO,79.436.021/0001-04,PJ,agatha25@example.com,+55 41 3731 6513,(051) 6751 6461
20165,Mendes,Sr. Davi Duarte,Lima de Montenegro,PA,25.784.906/0001-75,PF,laviniacostela@example.net,+55 (031) 0809-9674,0500-318-4351
59198,das Neves,Dra. Ana Liz Moura,da Cruz,MA,59.461.083/0001-69,PF,oliveiraalice@example.com,+55 71 9558 9465,(061) 1811 9572
47037,Vasconcelos,Yan Cavalcante,Silva,SE,19.073.285/0001-19,PJ,stephany50@example.net,41 8750-8701,61 7418 3235
62766,da Costa Ramos S.A.,Maria Isis Porto,Pinto Grande,RN,08.639.471/0001-56,PJ,ana-beatrizrezende@example.org,11 7152-9092,+55 84 1022 8408
31360,da Cruz Ltda.,Marina Garcia,Nunes da Mata,RS,42.581.397/0001-00,PF,rcamargo@example.org,+55 (011) 1665-5385,+55 (041) 0723-7953
12287,Lopes S.A.,Leonardo Leão,Mendes,PB,45.791.038/0001-68,PF,maria-helena91@example.net,+55 (081) 0395-9484,+55 (011) 8171-3071
23685,Teixeira,Mariane Fonseca,Lima,AP,38.206.179/0001-00,PJ,vianaalice@example.net,(021) 0054 3276,+55 71 1795-1984
54338,Barbosa Ltda.,Josué Fonseca,Costa Paulista,AM,58.327.049/0001-33,PJ,abreuesther@example.com,21 9674 3190,(061) 0529 5069
18328,Andrade,Pedro Lucas Andrade,Freitas da Prata,RN,23.618.094/0001-62,PJ,rezendeantonio@example.org,0500 170 3116,(084) 3739 1223
17630,Martins,Davi Luiz Monteiro,Nunes,PA,04.682.317/0001-06,PF,hrezende@example.com,(081) 9794-5167,+55 11 3756-9134
52548,Rios,Dr. Kevin Azevedo,Ribeiro,PE,74.359.128/0001-82,PF,luana89@example.net,+55 21 3306 6317,+55 51 7914 1964
91119,Araújo,Nina Cassiano,Camargo do Amparo,AC,94.231.786/0001-00,PJ,martinslorena@example.com,(011) 5344-8489,(084) 8906 1828
91440,da Rocha Nogueira S.A.,Henrique Duarte,Gomes da Serra,TO,61.049.832/0001-97,PF,correiamaysa@example.org,0900-248-7859,81 3160 1741
91676,Freitas,Marcela Sampaio,Montenegro de Pinto,SC,03.487.651/0001-46,PF,dnogueira@example.com,51 1016 3884,0500 329 5068
47521,Campos,Gabriel Gonçalves,Oliveira da Praia,RS,43.627.018/0001-20,PF,rochamaya@example.com,84 3588 6343,+55 (031) 0327-8387
28965,Lopes,Ana Vitória da Cunha,Câmara,AP,71.436.980/0001-18,PF,lunna65@example.net,0300-295-9261,+55 (061) 4034-6163
83645,Albuquerque,Léo da Cruz,Lima,PE,92.746.513/0001-64,PJ,mnovais@example.net,0300 925 2206,+55 (011) 9677-5609
27491,Guerra S/A,Pedro Novais,Jesus Verde,PI,96.403.257/0001-63,PF,oliviacasa-grande@example.net,+55 41 6512-5771,+55 84 3857-9263
36063,Silva,Nathan Vasconcelos,da Cruz,AL,57.163.982/0001-50,PF,dmartins@example.net,+55 (041) 1325 1748,(071) 1027 6795
52465,Campos,Luísa Mendes,Martins de Goiás,SE,15.482.730/0001-43,PJ,ramosalexandre@example.net,+55 (071) 9202-6535,(071) 9330 5111
20216,da Conceição,Daniel Cirino,da Rosa de Vieira,AM,61.248.975/0001-28,PF,dviana@example.com,+55 (021) 9875-8248,61 4028-7915
71723,Pereira Vargas S/A,Diogo da Conceição,Costela de Cirino,MA,21.745.638/0001-21,PF,tribeiro@example.org,+55 (051) 0660-2527,0500-532-2121
99312,Santos,Dr. Gustavo Silveira,Moura,PR,21.893.560/0001-92,PJ,aandrade@example.net,+55 (031) 4939 4810,11 7019 1812
63009,Siqueira Aragão Ltda.,Ana Sophia Fernandes,Teixeira de Ferreira,MA,60.921.538/0001-60,PF,ana-vitoriacardoso@example.com,61 4698 0941,+55 (071) 5375-0784
46876,Moraes - ME,Maria Luísa Oliveira,Pires,RJ,63.751.098/0001-39,PJ,leaodavi@example.org,+55 (031) 9273-5563,(061) 2478-8009
30005,Nascimento,Sr. Emanuel Cavalcante,Correia de Goiás,RJ,26.751.438/0001-03,PJ,da-conceicaodavi-miguel@example.org,+55 84 5206-8310,+55 11 1820 1886
83430,Jesus S.A.,Sophie Rocha,Rodrigues da Mata,RN,45.923.810/0001-58,PF,mfonseca@example.net,(041) 5340 4367,+55 51 5952 9333
22754,Sales,Ravi Sampaio,Aparecida,DF,03.127.486/0001-11,PF,pastorlunna@example.org,+55 (041) 2013 7416,0800-335-5402
92696,Sousa,Paulo Mendes,Monteiro Verde,GO,61.092.834/0001-69,PF,leonardo14@example.net,(051) 7574-5560,+55 21 9205-3209
40733,Barros e Filhos,Luan Mendonça,Casa Grande do Sul,RN,97.513.284/0001-51,PJ,vda-luz@example.org,51 6502 8015,+55 (051) 0814 7819
52212,da Mota Almeida - EI,Maria Julia Andrade,Santos de Rocha,MG,51.630.248/0001-77,PF,apires@example.net,41 7883 5391,+55 84 9160-1650
87346,Novais,Rhavi Fonseca,Siqueira de Araújo,AM,62.593.407/0001-27,PJ,vitoria08@example.org,+55 71 4600 4841,(051) 9322-1688
56273,Fernandes,Luiz Henrique Moura,Machado,RS,56.987.041/0001-78,PJ,xsantos@example.com,0800-512-5470,(011) 6452 4442
74068,Andrade,Maria Luísa Moraes,Fonseca,AC,84.071.253/0001-46,PF,almeidamaya@example.net,+55 11 0953 8939,+55 (071) 0089 7559
36182,Ferreira Aragão e Filhos,Dr. Luiz Felipe Rezende,Cavalcante,SE,58.041.679/0001-47,PJ,vitoria28@example.net,(081) 5120-3590,(031) 4466 5623
12023,Fonseca,Alexandre Cardoso,Aparecida,MG,10.236.958/0001-30,PJ,oliviaoliveira@example.net,61 9469-6450,(061) 1620 5467
75661,Jesus,Natália Garcia,Teixeira,MT,35.194.780/0001-32,PJ,vitor23@example.net,0300-254-0897,+55 61 0796 6545
17191,Martins - EI,Ágatha Rios,Pastor do Campo,SC,51.849.236/0001-38,PJ,andradedante@example.com,+55 (041) 6064-6417,81 6539 4013
91613,da Rocha S/A,Dra. Hadassa Barros,Lopes,BA,31.976.028/0001-92,PF,machadoluigi@example.net,0900 797 6921,+55 (051) 0413-9433
20287,Pereira,Ravi Lucca Aparecida,da Cunha,MA,13.728.596/0001-92,PJ,joana82@example.org,+55 (071) 3794-9719,+55 71 4218 0758
42505,Pimenta - ME,Clara Melo,Cavalcanti,SE,91.584.036/0001-15,PF,pereiranicole@example.net,0500-588-1645,+55 (061) 7960 3545
22116,Pereira Ferreira Ltda.,Manuela Lopes,Almeida do Norte,RS,74.563.910/0001-19,PF,camargobarbara@example.net,21 8623 2313,(051) 4908 4478
71403,Gonçalves Cavalcanti - ME,Sophia Oliveira,Rocha,PB,57.632.840/0001-94,PF,hda-conceicao@example.net,31 5193-5839,+55 31 5544-7863
13860,Novais Cavalcanti - EI,Carlos Eduardo das Neves,Sá,CE,78.639.105/0001-82,PF,vpimenta@example.org,+55 84 8612 6514,+55 (011) 4581 1583
67920,Sá Andrade S.A.,Luiza Farias,da Luz de Nunes,RR,46.908.251/0001-70,PJ,maria-vitoria51@example.com,+55 (081) 9321-7948,+55 71 5430-3139
17331,Dias,Dr. Bernardo Dias,Leão do Galho,RJ,91.584.726/0001-74,PF,da-cunharhavi@example.org,(031) 3643-9974,0300-527-5285
15874,Carvalho,Sabrina da Conceição,da Cunha,SC,76.091.542/0001-89,PF,fariasenrico@example.net,(081) 1790 1956,+55 51 3933 0139
56437,Araújo,Yan Vasconcelos,Albuquerque do Amparo,MA,03.912.786/0001-01,PF,kaiquepereira@example.org,+55 21 8090-4948,21 9356-6445
24584,Castro,Srta. Ana Sophia Cardoso,Gomes das Pedras,RR,34.278.905/0001-40,PF,mateuspastor@example.com,+55 11 2825-8006,(031) 0897 1744
13399,Dias Pires - ME,Ana Luiza Castro,Peixoto do Oeste,AC,37.642.958/0001-96,PJ,mendesyasmin@example.org,84 2111 9212,+55 (041) 8763-3486
16035,da Cunha e Filhos,Maria Clara Sampaio,Viana,SE,23.096.814/0001-77,PJ,cecilia62@example.com,+55 (061) 0296-7549,31 7380-1212
64978,Almeida,Maria Fernanda Marques,Brito,RJ,95.603.184/0001-90,PF,antonellaalmeida@example.org,0800 586 9111,21 3058-4056
72812,Melo,Ryan Alves,Nogueira,AC,58.641.932/0001-01,PJ,eloah07@example.com,(031) 2272-7293,+55 (041) 6903 2799
57242,Rios,Emanuella Fogaça,Albuquerque,PB,37.049.621/0001-70,PJ,sophie17@example.org,+55 61 5619-6693,+55 (051) 4794-1001
40675,Novaes,Mariana Moraes,Ribeiro das Pedras,RO,51.467.289/0001-94,PF,tda-luz@example.com,(051) 4627-4338,+55 (081) 7007 9906
25512,Carvalho Pereira S/A,Srta. Aylla Ramos,Cirino de Minas,MA,71.365.298/0001-81,PJ,krezende@example.com,0300 895 4489,+55 (084) 4912-8084
78421,da Mota - EI,Guilherme Guerra,Cunha de Minas,RJ,48.762.031/0001-06,PF,vitor-gabriel73@example.com,(041) 7718-6952,(071) 9791 7017
41140,da Paz,João Miguel Costela,Sousa,PE,13.698.072/0001-04,PF,mariah83@example.org,0800 565 7202,61 1163-0209
45080,Siqueira Silveira S.A.,Guilherme Porto,Pacheco do Norte,TO,70.386.921/0001-10,PF,bento79@example.com,+55 84 7117-5163,51 3669 1429
50627,Rodrigues da Mota - ME,Laura Novais,da Mata,CE,73.124.685/0001-51,PF,henry-gabrielsouza@example.org,61 2807 8001,(011) 0458-7293
53094,da Rocha,Raquel da Costa,Correia,TO,27.403.685/0001-73,PJ,diogo48@example.org,+55 (081) 9579 8109,+55 81 8868 4125
74044,da Conceição,Heloisa Fogaça,Moreira da Mata,RS,19.074.628/0001-60,PF,wfarias@example.org,61 2505-9563,0800 003 8496
70556,Costa,Sr. Luiz Fernando Carvalho,Freitas do Amparo,TO,02.189.546/0001-68,PF,arthur-gabrielfreitas@example.com,+55 31 7118 0605,+55 84 0548 7900
76080,Rodrigues - ME,José Costa,Rocha,SP,42.903.871/0001-65,PJ,anthony-gabriel28@example.org,+55 84 1355-8599,(081) 5764 7844
66752,Rocha Ltda.,Giovanna Gomes,Câmara de Minas,PE,57.304.892/0001-31,PF,machadoenzo@example.com,+55 (031) 7876 0100,+55 71 2107-0326
20437,Costa Ltda.,Caleb Abreu,das Neves Verde,MA,97.048.165/0001-75,PJ,opimenta@example.net,21 5928 7222,+55 61 8531 6330
97446,Sousa,Beatriz Brito,Mendes,SE,47.309.265/0001-30,PJ,luna47@example.com,+55 61 4962-4498,+55 (061) 5839 5613
96864,Ferreira Macedo S/A,Melina Correia,Souza,CE,75.621.804/0001-07,PJ,larada-conceicao@example.org,+55 51 2767 8881,(021) 0535-7841
65270,Gonçalves,Beatriz Mendes,Farias de Freitas,ES,40.362.795/0001-00,PF,pastorbrayan@example.org,(061) 3987 6886,71 6999-0706
55211,Cirino S.A.,Eduardo da Mota,Lopes de Cavalcante,AP,57.920.683/0001-12,PJ,elima@example.net,+55 31 5590-5870,(011) 7141-4474
65208,Pires S/A,André Peixoto,Viana de Nunes,MG,82.374.610/0001-10,PJ,ajesus@example.com,84 0737 2707,+55 (031) 2557 3857
34145,Cavalcanti,Sofia Correia,Borges do Sul,GO,78.429.306/0001-55,PJ,moraesdiogo@example.net,+55 (031) 4248-9062,+55 (081) 7002 3997
29004,Costela,Kaique Novais,Nogueira,AL,95.816.730/0001-71,PJ,amanda98@example.org,0800-238-9840,31 2306-7441
60512,Campos,Srta. Pietra Costela,Ferreira,AP,96.483.152/0001-61,PF,mendescaue@example.net,71 5631 3305,31 1680 9744
42924,Teixeira Ferreira - ME,Sara Oliveira,Siqueira,BA,84.571.206/0001-61,PF,fonsecathomas@example.net,+55 (071) 5128-3042,+55 (031) 8416-7767
23069,Porto,Daniel Jesus,Duarte de Goiás,BA,18.459.723/0001-19,PJ,vda-luz@example.org,+55 61 7714-3864,+55 71 0930 2271
79138,Almeida S.A.,Dr. Dante Mendes,Machado,AP,64.598.701/0001-57,PJ,tmoura@example.org,(021) 9677 2651,+55 (051) 5839 8329
29858,da Rocha,Luiz Henrique Sales,Cunha,RS,83.961.450/0001-78,PJ,flima@example.net,31 9852-9369,+55 (041) 7882 0927
68680,Caldeira Jesus S/A,Luan Pinto,Barros,RN,07.192.358/0001-02,PJ,larissabrito@example.net,+55 51 3343 2748,(061) 5224-2250
58397,Sousa da Conceição - ME,Arthur Gabriel Rios,Cavalcanti Alegre,DF,60.873.592/0001-88,PJ,isis47@example.com,+55 51 8044 0448,(061) 6878-3400
48849,da Luz,Henry Fonseca,Moraes do Sul,RN,49.862.017/0001-47,PF,arthur-miguel96@example.org,+55 71 9717-4985,(071) 6232-3920
51400,Almeida Ramos S.A.,Camila da Paz,Fonseca da Prata,AP,25.873.604/0001-73,PJ,maria-laura50@example.org,(011) 3736 7443,+55 (011) 7086-8697
76039,Peixoto - EI,Leonardo Moreira,Barros,SC,70.324.598/0001-50,PJ,fariasmariah@example.com,(084) 9849 4714,+55 41 8343 2720
65226,Castro S.A.,Maria Júlia Aparecida,Vargas do Oeste,AM,98.064.521/0001-07,PF,sophiacirino@example.org,+55 (011) 3659-8045,(084) 6070-9806
17551,Guerra - EI,Yan Sá,Moreira da Prata,CE,63.182.509/0001-12,PJ,jesusliam@example.org,+55 (051) 5154 6944,(081) 2433 2585
70677,das Neves Pacheco e Filhos,Isabel Vasconcelos,Gonçalves de Moura,RS,04.269.751/0001-69,PF,ramosstella@example.com,(021) 8719 7442,+55 (031) 2073-7751
84050,da Paz Nascimento e Filhos,Isabel Camargo,Borges dos Dourados,PI,16.309.472/0001-60,PF,xcasa-grande@example.com,(061) 5686 1154,31 7625-5539
31162,Santos,Alícia Azevedo,Machado,AL,65.397.481/0001-66,PJ,qsampaio@example.com,(071) 7517-8876,+55 31 2484 2954
50590,Castro,Isabela Leão,Montenegro,GO,27.638.514/0001-23,PJ,juan47@example.net,(021) 4095-7005,+55 (061) 8394-5733
27297,Nunes S/A,Isaac Azevedo,Leão,AL,90.472.831/0001-59,PJ,luigi31@example.org,+55 11 6269 1068,+55 11 8660-9756
54456,Camargo,Augusto Oliveira,Gonçalves da Mata,RO,56.413.027/0001-60,PJ,gael65@example.com,+55 31 8524-8794,+55 (061) 3131 5412
79064,da Costa Almeida - EI,Alícia Pacheco,Casa Grande,ES,27.814.965/0001-74,PJ,souzabryan@example.net,+55 (051) 8541-5001,+55 21 6815 0116
44600,Machado,Maria Luísa Caldeira,Leão de Goiás,RS,67.941.280/0001-03,PJ,brayan14@example.com,61 0607 0418,+55 51 1566 4411
35325,Mendes,Emanuel Leão,Araújo do Oeste,CE,94.136.570/0001-57,PJ,mayadas-neves@example.net,(051) 3125-9768,+55 71 9670 0825
50263,Barros S/A,Sra. Ayla Cunha,Vargas Grande,ES,04.529.718/0001-20,PF,kalmeida@example.com,+55 31 6449 9039,21 4304-0320
95314,Novaes,Ana Beatriz da Paz,Rios Grande,MG,68.539.712/0001-17,PF,limarafael@example.net,(021) 9113 0186,(061) 5376 9862
95627,Santos - EI,João Pedro Sá,Siqueira,SE,58.914.702/0001-60,PF,carlos-eduardoduarte@example.org,(021) 6801-0166,(011) 6429 5886
70758,Pinto Silveira Ltda.,Murilo Barbosa,da Costa do Amparo,DF,63.725.901/0001-60,PJ,vcunha@example.net,0800 194 7063,81 4926-6808
47084,Andrade,Cecilia Sampaio,Sales de Guerra,RR,96.735.104/0001-13,PJ,nascimentodavi@example.net,+55 (041) 0366 3860,0800 459 1746
63364,Abreu e Filhos,Otto Sá,Santos da Mata,PB,70.582.146/0001-78,PJ,diogoteixeira@example.org,11 0992 6327,+55 84 4625 5223
71028,Moura da Cruz S.A.,Emanuella da Luz,Porto,RR,70.294.568/0001-48,PJ,limamaria-luiza@example.net,31 7473-2014,+55 84 9288 6690
27609,Moraes,Sr. Leandro Pires,Rios de Goiás,PI,90.241.583/0001-35,PF,souzaana-julia@example.net,+55 (081) 6814 5146,0300-527-4211
56854,da Costa,Yago Barbosa,da Rosa,TO,58.736.419/0001-96,PF,ccunha@example.com,+55 61 6566-6767,0300-445-2124
36883,Santos,Natália Pires,da Mota,RJ,90.847.132/0001-46,PJ,sara87@example.com,+55 41 2949-7583,+55 41 3724 7670
18038,Castro,Sra. Valentina Siqueira,Farias,SP,58.461.027/0001-61,PF,marina38@example.net,+55 (011) 8998 1301,+55 71 5108-4023
67564,Ferreira Sousa Ltda.,Erick Borges,Vasconcelos,AL,29.436.051/0001-42,PF,raquel65@example.org,(041) 8846 6911,+55 81 8853 4481
51151,Melo - ME,Maysa Sá,da Mota,CE,74.603.912/0001-94,PJ,jsouza@example.org,+55 (011) 3597 1811,+55 (051) 0587 6517
74198,Novaes,Maitê Alves,Moura de Macedo,MA,46.793.502/0001-18,PJ,benjamin25@example.com,71 6092 5400,+55 (071) 7778 5910
66908,Camargo Santos - EI,Hadassa Vasconcelos,Camargo Grande,SP,41.957.832/0001-88,PF,qcamara@example.net,41 2648-6432,71 2514 7714
98119,da Luz,Evelyn Ramos,Oliveira,AM,92.845.631/0001-20,PF,almeidathales@example.org,61 4132 3838,+55 (084) 1210-7568
38722,Barros Rios S.A.,Ayla Silveira,Brito de Freitas,RN,70.394.815/0001-88,PJ,jda-paz@example.net,+55 31 6179-0424,81 9662 9781
97952,Azevedo - ME,Manuela Vasconcelos,Moura,SP,56.218.734/0001-04,PJ,leandrorocha@example.com,61 1306 5423,0500-345-6586
60411,Alves,Laura Montenegro,Almeida,PE,79.320.864/0001-40,PF,ana-liz22@example.org,+55 (051) 7065 6717,+55 81 3376-2715
25474,Lopes,Dr. Yuri Fonseca,Silva Alegre,SC,86.542.710/0001-69,PJ,xpereira@example.org,51 6467 6802,61 7869 0191
67826,Mendonça - EI,Isabelly Rezende,Albuquerque,PE,64.137.028/0001-58,PF,trezende@example.com,(021) 0015 1669,(061) 2268-6892
84728,Castro,Lara Costa,Brito do Amparo,RO,71.409.385/0001-93,PJ,luiz-henrique89@example.com,+55 81 4238-6094,51 9809 3685
69576,Cardoso,Jade Rocha,da Mata,RS,03.876.542/0001-10,PJ,peixotoeduardo@example.org,+55 (051) 4950-6962,(084) 2198 0811
12122,Aparecida,Henry Montenegro,Garcia das Pedras,PE,01.547.892/0001-08,PF,carvalhomatteo@example.org,11 5679 6118,(021) 9927-6374
95754,Pimenta S.A.,Maria Cecília Sousa,Rodrigues de Aparecida,SC,83.195.267/0001-09,PJ,rafael10@example.net,+55 51 6622 7520,81 8646-1972
96714,Pacheco - ME,Natália Barros,da Cunha do Oeste,SP,72.591.460/0001-42,PF,maria-luisa05@example.net,(051) 9661-9672,+55 71 4637-6438
93625,Cunha Nascimento - ME,Maitê Rios,Cardoso do Campo,RR,26.931.047/0001-62,PF,vasconcelosana-carolina@example.net,11 3406-8093,0800-536-1205
76053,Novais,Murilo Castro,Dias de Minas,PB,30.842.156/0001-80,PJ,alexandre38@example.org,+55 (084) 3022 2023,+55 61 7172 4986
89665,Albuquerque,Maria Vitória Vasconcelos,Brito das Flores,PB,41.708.352/0001-83,PF,dnovais@example.org,(081) 7287-0006,71 7165-8631
27679,Nogueira S/A,Daniel Araújo,Viana,AM,34.760.981/0001-97,PF,psampaio@example.net,21 2673-2019,(011) 4966 0431
99645,da Rosa Cavalcante S.A.,Sr. Caio Ribeiro,Cavalcanti das Flores,PI,03.157.496/0001-08,PJ,clariceoliveira@example.com,61 9206-4005,0500-080-7328
65765,Costa,Juan da Paz,Jesus da Prata,ES,96.207.543/0001-53,PJ,ysiqueira@example.com,(041) 8724 0528,(084) 8844 3474
30648,Monteiro,Pedro Miguel Cavalcanti,Pacheco dos Dourados,MS,87.941.652/0001-09,PJ,tcostela@example.org,(051) 3723-6100,(061) 1881-2019
96918,Castro,Allana Moura,Ribeiro,MA,89.106.254/0001-00,PJ,sabrina54@example.com,(051) 3290 8896,31 3800 4883
19909,Novais Sousa S.A.,Dr. Gael Henrique Dias,Gonçalves dos Dourados,AL,25.863.497/0001-00,PF,davi-lucas50@example.org,(041) 3760 9451,+55 (061) 3467-3133
21848,das Neves Nunes - ME,Arthur Correia,Sampaio,RO,21.984.736/0001-11,PF,igor14@example.net,+55 21 0250 2552,+55 61 4245 0849
22632,Vasconcelos da Conceição Ltda.,Caleb Sousa,Pimenta de Ribeiro,AP,73.214.569/0001-23,PF,rrios@example.com,+55 31 2070 8232,+55 41 7261 1256
20171,Almeida Moreira Ltda.,Dra. Nicole Cavalcanti,Ramos,RJ,73.214.098/0001-53,PJ,freitasalicia@example.net,+55 (031) 4084 5475,11 5429 8452
95118,Pastor e Filhos,Sr. Heitor Silveira,Dias de Montenegro,MT,93.587.241/0001-60,PF,vasconcelosvinicius@example.net,+55 11 1469 6687,0500 492 5211
47395,Silva Siqueira - ME,Luan Nogueira,Dias da Mata,PA,46.729.103/0001-98,PF,monteiromaysa@example.com,+55 (061) 5197-2637,+55 (071) 6256-0679
97301,Gomes - EI,Léo Silva,Siqueira da Serra,SP,17.596.842/0001-50,PF,hcampos@example.net,(061) 0005 1114,21 7936 8567
33850,Aparecida Dias S.A.,Josué Camargo,Cavalcanti,RO,14.056.239/0001-98,PJ,ffonseca@example.com,11 2615 6922,+55 31 7127 4317
17314,Cassiano Mendes S.A.,Sra. Yasmin Vieira,Cassiano de Leão,TO,30.965.271/0001-42,PJ,diogo60@example.net,+55 71 5406 6926,(041) 4052-3201
46201,Costa Ltda.,Anna Liz Albuquerque,Dias,ES,91.062.438/0001-50,PF,theodoro48@example.net,+55 31 0768 5254,(021) 7960 1157
95055,da Cunha,Aylla Souza,da Mota Alegre,CE,95.680.347/0001-39,PJ,piresalana@example.com,51 8731 6080,(071) 8944-0064
48505,Costela - ME,Breno Costela,Sá de Leão,RS,02.951.734/0001-81,PF,mcirino@example.com,31 7081-3735,+55 81 8591 5823
41119,Cunha S.A.,Rafaela Almeida,Rios das Flores,SE,09.637.185/0001-14,PF,maria-laura94@example.org,+55 31 9580-6147,(011) 2096 6280
37239,Novais Ltda.,Maitê Mendonça,Carvalho da Serra,MA,97.521.084/0001-40,PJ,miguelda-luz@example.org,+55 51 7905 3178,+55 (081) 5338 7900
38195,Aparecida S/A,Vinicius Lopes,Nunes do Campo,PE,46.531.082/0001-00,PJ,teixeirayago@example.org,+55 71 6623 5265,+55 11 2291 9114
99149,Pimenta,Sr. Pietro Gonçalves,Silveira das Pedras,AL,42.367.018/0001-76,PJ,qpimenta@example.com,+55 (061) 6723-0865,11 1189-0582
73722,Mendonça Fernandes Ltda.,Maria Flor Moreira,Caldeira de Cassiano,RJ,87.924.506/0001-75,PJ,machadozoe@example.net,+55 (081) 9751 2446,+55 61 7665 9930
32396,Albuquerque S/A,Sr. Thales Campos,Cirino de Minas,SC,05.679.841/0001-90,PF,lcostela@example.com,+55 41 9647 2193,+55 11 5017 5468
20034,Cirino,Maria Sophia Abreu,das Neves,ES,65.782.941/0001-70,PJ,laura51@example.com,+55 (061) 7182-0477,0900-488-9674
55740,Nascimento,Yan Vasconcelos,Pires Paulista,SE,91.754.280/0001-89,PJ,knascimento@example.org,+55 (084) 9570-3167,0300 163 8497
75721,Mendes,Sophia Novais,Correia,TO,40.279.815/0001-76,PJ,rafaela66@example.net,(061) 8236-4087,+55 (081) 9075 3331
73064,Sampaio,Lunna Alves,Montenegro da Prata,RJ,34.792.618/0001-53,PF,pribeiro@example.org,+55 41 7032 8240,81 8181-9921
47690,Campos S/A,João Miguel Teixeira,Campos,ES,86.125.734/0001-12,PJ,aparecidayago@example.net,31 7712-8700,(071) 5867-6876
57582,da Rocha e Filhos,Isabelly Novais,Marques,AC,28.340.791/0001-18,PF,novaesmaria-flor@example.com,+55 (041) 4030 4308,+55 61 9186 4689
55247,Martins e Filhos,Hadassa Lopes,Peixoto Verde,PI,79.856.032/0001-43,PJ,moreirajose-pedro@example.org,+55 (031) 1781-9788,+55 84 8429 4112
45227,Dias Borges S.A.,Alícia Brito,Mendes do Galho,DF,06.347.812/0001-94,PJ,tpacheco@example.org,+55 (031) 7767-7186,84 0744 4301
99719,Câmara Leão - EI,Letícia Gonçalves,Cardoso,MS,92.176.053/0001-86,PF,diasleonardo@example.com,+55 (031) 3177-5182,+55 31 9689 8915
69760,Cavalcante - ME,Caroline Rios,Ramos da Praia,CE,06.357.491/0001-09,PF,milenada-rocha@example.net,71 4143-3402,(031) 7967 0885
66171,Aparecida,Zoe Cirino,da Conceição,ES,57.268.430/0001-06,PJ,dda-rocha@example.com,81 3332 4538,(031) 0042 1311
20575,Freitas Melo - ME,Lívia Pinto,Pacheco da Prata,DF,80.429.576/0001-08,PJ,nuneserick@example.org,(084) 6820-7229,+55 41 4571 0718
26913,Sousa - ME,Felipe Camargo,Rocha de Goiás,PB,39.210.458/0001-00,PJ,wabreu@example.com,+55 (081) 1956 5126,+55 (011) 5087-2995
82812,Campos,Eduardo Camargo,Jesus,MT,09.684.725/0001-10,PJ,danielamendes@example.org,(041) 9012 4639,51 9690 8915
80078,Montenegro,Bento Leão,Machado,AM,52.384.967/0001-18,PJ,luiz-otavio22@example.net,+55 (031) 8339-4953,(061) 9595-0396
97472,Pinto,Srta. Isabelly Pacheco,Garcia Grande,MT,41.895.267/0001-71,PJ,enricopeixoto@example.net,+55 (061) 5401 8894,+55 61 0239-4045
82141,Leão Viana e Filhos,Nicolas Gonçalves,Dias de Pires,PR,06.315.249/0001-72,PF,da-rosabarbara@example.org,(011) 0993-2192,+55 81 1423 2600
82871,da Mota - EI,Maria Alice Silveira,Caldeira,PI,61.823.945/0001-06,PJ,rmontenegro@example.net,(011) 2238-7545,(011) 0715-8908
83417,Cunha - ME,Maria Mendes,Nascimento,RR,08.391.657/0001-39,PJ,calebe42@example.org,0800-695-1226,+55 (081) 6755-7801
75031,Viana,Luísa Ramos,Lima de Machado,PA,47.653.980/0001-95,PJ,casa-grandevitor-gabriel@example.org,+55 84 4631 0367,31 3623 9017
89427,Ribeiro,Pietro Moura,Melo Grande,PA,25.398.061/0001-80,PJ,joaocunha@example.com,+55 84 8967-6452,+55 31 1793-0345
55117,da Cruz - ME,Isadora Vieira,Novaes,RJ,39.061.475/0001-23,PF,rgomes@example.com,(081) 2968-4259,+55 (021) 0291-9846
91067,Ramos,Olívia Vasconcelos,Melo de Nunes,RN,97.382.410/0001-86,PF,nina81@example.com,61 0038 0828,(081) 6208 9404
58315,Martins,Gustavo Moura,Pacheco Verde,PE,61.507.348/0001-64,PJ,lorenzo88@example.org,(051) 3520-3733,21 1109 6985
51931,Câmara,Sr. Vinícius Barros,Pires,BA,10.296.385/0001-30,PF,apollo98@example.net,+55 (011) 9521 3177,(031) 7662 8240
43365,Pastor e Filhos,Dra. Bárbara Carvalho,Aragão,AM,84.913.625/0001-34,PJ,bento99@example.org,+55 (084) 2514-9129,(031) 1614 1839
20604,Abreu,Natália Dias,Carvalho,TO,12.498.706/0001-04,PJ,alvessophia@example.org,+55 (071) 2849 4163,71 2294 1380
14376,Moreira,Isadora Rezende,Cirino,SE,07.132.589/0001-20,PJ,carolinecirino@example.org,(031) 6800-1069,(084) 1631 9447
69796,Ferreira,Sra. Ana Julia Cavalcante,Rezende,PI,73.204.186/0001-74,PJ,rabreu@example.net,+55 81 4025 4275,+55 71 8020 7877
58504,Gomes - EI,Olívia da Cruz,Sousa,TO,72.631.854/0001-87,PF,isaque19@example.net,51 7181 1703,0800-628-0432
13223,Nogueira Pacheco S.A.,Heitor Brito,Abreu,MT,27.189.653/0001-17,PJ,alima@example.com,81 6873 1363,+55 81 8363-6771
38099,Brito,Helena Lopes,Cavalcanti de da Mota,CE,96.074.583/0001-74,PF,tvieira@example.net,+55 41 9536-6699,51 5567 6433
74927,Moraes,Ísis Peixoto,Rezende da Praia,CE,64.893.071/0001-43,PJ,monteiroluan@example.net,+55 (041) 8557-6540,+55 (071) 4474 4166
27727,Rios,Aurora Rodrigues,Vasconcelos,PB,21.950.873/0001-35,PF,casa-grandethiago@example.com,+55 (051) 4336 4093,(081) 0153-8832
78765,Ribeiro Montenegro - EI,Dr. Breno Rocha,Lima,PR,10.754.328/0001-57,PF,salesisis@example.org,+55 (041) 9894-0100,+55 (084) 1044-3129
84116,da Rocha,Maria Fernanda das Neves,Porto de Siqueira,MT,25.497.810/0001-26,PJ,pimentadaniel@example.com,11 9516-4230,+55 (084) 7364 5663
25417,Lopes,Eloah Nunes,Fonseca,BA,38.471.059/0001-30,PF,silvarhavi@example.com,+55 (084) 7412 5921,+55 (011) 0772 6543
96292,Machado Ltda.,João Pedro Rodrigues,Porto de Minas,MG,89.703.512/0001-28,PJ,sofia03@example.net,+55 84 8035-7032,+55 81 0214-7175
28850,Barros Pinto e Filhos,Olivia Ramos,Vieira de Aragão,PB,60.312.547/0001-54,PJ,apolloramos@example.com,+55 71 6576 1392,+55 51 6184 5223
97991,Castro,Maria Gomes,Silveira de Minas,GO,84.375.096/0001-62,PF,luigi96@example.net,+55 (041) 8704 1581,(031) 9949-0647
93821,da Paz,Yasmin Andrade,Castro do Amparo,PE,15.279.640/0001-50,PJ,machadoanna-liz@example.org,+55 84 0166 8117,0800 281 1907
39913,Dias,Isaac da Cruz,Pires dos Dourados,PR,30.216.784/0001-50,PF,ana-sophia70@example.com,61 7449 5616,+55 81 7118 0702
19662,Viana - ME,Leonardo da Mota,Duarte de Goiás,ES,46.053.821/0001-97,PJ,dda-luz@example.com,(041) 5099 8858,+55 (081) 4575 8466
11392,Casa Grande - EI,Clarice Azevedo,Peixoto,SC,48.579.106/0001-18,PJ,renanmoura@example.net,+55 84 8911 5313,+55 (061) 2443 2051
79786,da Mota,Caroline Ribeiro,da Cunha,PR,23.096.451/0001-70,PF,melinacampos@example.org,+55 31 6362 8882,0300-012-7897
35125,Novaes,Emilly da Mata,Sales,RR,61.502.379/0001-22,PF,riosana-vitoria@example.net,71 5048 4342,(011) 8866 8713
88009,Machado Moreira Ltda.,Caleb Siqueira,da Cruz,RN,70.983.154/0001-26,PF,ifernandes@example.org,11 8455 0156,31 6692 5823
85049,Guerra Dias - EI,Rafaela Lopes,Pimenta Paulista,PB,84.762.501/0001-03,PF,jmonteiro@example.org,(071) 2258 5016,0300 385 8582
96933,Leão Viana Ltda.,Kamilly Mendonça,da Cunha,DF,62.074.985/0001-57,PJ,marina82@example.com,+55 51 9594 2714,+55 (081) 2445-8939
40160,Silva Moura - EI,Bernardo Ramos,Cirino,AL,31.864.259/0001-04,PJ,catarina29@example.com,+55 51 6822 8725,81 4238-9392
35137,Vasconcelos,Mariana Ramos,Campos,AC,74.931.605/0001-32,PF,kbrito@example.net,81 8926 9615,0800-246-7077
39248,Ramos,Sr. Ravy da Mata,Pimenta de Costa,RO,94.786.102/0001-28,PF,daniela85@example.net,0300 828 2603,+55 (031) 9746 3651
49695,Monteiro Pastor S.A.,Lara Dias,Barbosa,AC,15.908.742/0001-97,PF,beatrizmendonca@example.net,41 2658-1381,+55 (041) 8239-6817
10494,Silveira,Leandro Fogaça,Leão do Sul,AL,73.152.064/0001-81,PJ,da-mataguilherme@example.com,+55 (041) 7247 1241,+55 (011) 4404 8991
18671,Lima,Josué Moraes,Nascimento de da Paz,SE,60.451.289/0001-97,PJ,handrade@example.com,0500 663 6437,81 8730-8652
79751,Araújo - ME,Leonardo Pires,Viana,AP,21.034.786/0001-38,PJ,maysa89@example.net,(041) 0459 1427,(041) 0578 1226
46323,Camargo - ME,Kamilly da Conceição,da Cunha do Amparo,RN,63.941.872/0001-74,PJ,da-costacamila@example.org,+55 71 5172 2413,(081) 0683 7291
27092,Câmara das Neves - ME,Ian da Rocha,Vieira,AL,03.479.561/0001-03,PJ,ana-julia99@example.net,(071) 4235-9337,+55 11 1819 1096
99726,Martins e Filhos,Danilo Machado,Guerra do Oeste,GO,87.241.693/0001-92,PJ,benjaminda-cunha@example.com,0300-200-3740,(031) 6541-3751
75418,Siqueira,Benício Albuquerque,Albuquerque Grande,AL,23.894.156/0001-69,PF,maria-helenaramos@example.org,41 8053 0140,81 9884 9668
57979,Dias,Dr. João Gabriel Silveira,da Conceição,RO,27.315.690/0001-24,PJ,moreiramariane@example.com,61 2964 1526,0800-034-6596
48658,Pastor,Mariah Marques,Vasconcelos,SP,80.129.375/0001-95,PJ,isales@example.net,(021) 6449 4916,+55 (061) 4503 6535
61279,Cavalcanti,Oliver Silva,Gonçalves,MG,93.842.067/0001-54,PJ,fonsecastephany@example.org,0500 589 2653,+55 (084) 6862 9642
10731,Monteiro - ME,Marcos Vinicius Ramos,Duarte,MA,70.592.138/0001-02,PF,thales83@example.org,+55 84 5157-1385,(071) 3766 6797
79844,Jesus S.A.,Luara Andrade,Brito do Amparo,PA,54.079.318/0001-39,PF,anna-liz76@example.net,61 1062 4390,(081) 9991 0527
49083,Souza Rocha Ltda.,Luiz Felipe Novaes,da Rosa do Galho,MA,01.463.528/0001-60,PF,maysarodrigues@example.net,+55 61 5674-6974,+55 (061) 4265 3671
28661,da Cruz,Oliver Alves,Cirino Verde,MA,79.480.651/0001-86,PJ,marcos-vinicius32@example.net,41 6369-2499,(071) 5924-3335
96370,Brito Ferreira Ltda.,Henry Gabriel Farias,Andrade da Serra,SE,43.259.608/0001-48,PJ,maria-alice07@example.net,(011) 2271 1473,+55 41 9551-4109
19193,Nunes,Otávio da Costa,Cirino,BA,49.608.125/0001-98,PJ,ottobrito@example.net,+55 (084) 2540 2443,0300 794 0161
23379,Moraes Pinto e Filhos,Luara das Neves,Peixoto,RR,45.976.128/0001-23,PF,luanapinto@example.org,51 8468 9272,+55 81 9277 4703
80185,da Conceição S/A,Arthur Pires,Farias,RS,85.179.326/0001-80,PJ,silveiraana-vitoria@example.org,31 7924 7714,+55 (011) 7081-8346
60557,Casa Grande - EI,Fernanda Vasconcelos,Siqueira do Galho,AP,65.480.732/0001-71,PJ,davi-lucas13@example.net,+55 81 3897 8760,+55 71 5823-9088
90091,Camargo Cunha - ME,Luigi Nogueira,Martins,PI,81.437.920/0001-73,PF,vasconcelosbeatriz@example.org,41 4042 3487,(021) 0274-0889
90597,Teixeira,Luiz Felipe Rios,Gonçalves,SP,47.386.021/0001-50,PF,uduarte@example.net,+55 11 2631-2980,84 4067-1889
41583,Vasconcelos S.A.,Liam Fernandes,Dias da Prata,RN,37.042.951/0001-33,PJ,albuquerqueleo@example.net,0500 936 8036,(031) 8082-2836
